message,actual_label,predicted_label
I to am looking forward to all the sex cuddling.. Only two more sleeps,ham,ham
I asked sen to come chennai and search for job.,ham,ham
K...k...when will you give treat?,ham,ham
May b approve panalam...but it should have more posts..,ham,ham
One of best dialogue in cute reltnship..!! \Wen i Die,ham,ham
Am watching house ��� very entertaining ��� am getting the whole hugh laurie thing ��� even with the stick ��� indeed especially with the stick.,ham,ham
You please give us connection today itself before  &lt;DECIMAL&gt;  or refund the bill,ham,ham
K..k.:)congratulation ..,ham,ham
Kay... Since we are out already,ham,ham
So �_'ll be submitting da project tmr rite?,ham,ham
Let Ur Heart Be Ur Compass Ur Mind Ur Map Ur Soul Ur Guide And U Will Never loose in world....gnun - Sent via WAY2SMS.COM,ham,ham
No drama Pls.i have had enough from you and family while i am struggling in the hot sun in a strange place.No reason why there should be an ego of not going 'IF NOT INVITED' when actually its necessity to go.wait for very serious reppurcussions.,ham,ham
"Tick, tick, tick .... Where are you ? I could die of loneliness you know ! *pouts* *stomps feet* I need you ...",ham,ham
An excellent thought by a misundrstud frnd: I knw u hate me bt the day wen u'll knw the truth u'll hate urself:-( Gn:-),ham,ham
In which place i can get rooms cheap:-),ham,ham
I guess it is useless calling u 4 something important.,ham,ham
Probably gonna swing by in a wee bit,ham,ham
�� wait 4 me in sch i finish ard 5..,ham,ham
Ok... Ur typical reply...,ham,ham
Hi. Happy New Year. I dont mean to intrude but can you pls let me know how much tuition you paid last semester and how much this semester is. Thanks,ham,ham
Heart is empty without love.. Mind is empty without wisdom.. Eyes r empty without dreams &amp; Life is empty without frnds.. So Alwys Be In Touch. Good night &amp; sweet dreams,ham,ham
All done? All handed in? Celebrations in full swing yet?,ham,ham
"Don't worry though, I understand how important it is that I be put in my place with a poorly thought out punishment in the face of the worst thing that has ever happened to me. Brb gonna go kill myself",ham,ham
Ok lor. Msg me b4 u call.,ham,ham
Why you keeping me away like this,ham,ham
it to 80488. Your 500 free text messages are valid until 31 December 2005.,spam,spam
They finally came to fix the ceiling.,ham,ham
So how many days since then?,ham,ham
* FREE* POLYPHONIC RINGTONE Text SUPER to 87131 to get your FREE POLY TONE of the week now! 16 SN PoBox202 NR31 7ZS subscription 450pw,spam,spam
K then 2marrow are you coming to class.,ham,ham
"Coffee cake, i guess...",ham,ham
Good evening! How are you?,ham,ham
"Wn u r hurt by d prsn who s close 2 u, do fight wit dem. Coz somtimes dis fight saves a relation bt being quiet leaves nothin in a relation.. Gud eveB-)",ham,ham
"I know dat feelin had it with Pete! Wuld get with em , nuther place nuther time mayb?",ham,ham
There's someone here that has a year  &lt;#&gt;  toyota camry like mr olayiwola's own. Mileage is  &lt;#&gt; k.its clean but i need to know how much will it sell for. If i can raise the dough for it how soon after landing will it sell. Holla back.,ham,ham
Where are you?when wil you reach here?,ham,ham
S but not able to sleep.,ham,ham
"Uncle G, just checking up on you. Do have a rewarding month",ham,ham
Freemsg: 1-month unlimited free calls! Activate SmartCall Txt: CALL to No: 68866. Subscriptn3gbp/wk unlimited calls Help: 08448714184 Stop?txt stop landlineonly,spam,spam
His frens go then he in lor. Not alone wif my mum n sis lor.,ham,ham
Hey what are you doing. Y no reply pa..,ham,ham
Yes. Rent is very expensive so its the way we save.,ham,ham
I reach home safe n sound liao...,ham,ham
Please reserve ticket on saturday eve from chennai to thirunelvali and again from tirunelvali to chennai on sunday eve...i already see in net..no ticket available..i want to book ticket through tackle ..,ham,ham
"Ok thats cool. Its , just off either raglan rd or edward rd. Behind the cricket ground. Gimme ring when ur closeby see you tuesday.",ham,ham
Join the UK's horniest Dogging service and u can have sex 2nite!. Just sign up and follow the instructions. Txt ENTRY to 69888 now! Nyt.EC2A.3LP.msg@150p,spam,spam
says the  &lt;#&gt;  year old with a man and money. I'm down to my last  &lt;#&gt; . Still waiting for that check.,ham,ham
1's finish meeting call me.,ham,ham
K:)i will give my kvb acc details:),ham,ham
"Hello, my boytoy! I made it home and my constant thought is of you, my love. I hope your having a nice visit but I can't wait till you come home to me ...*kiss*",ham,ham
I think that tantrum's finished so yeah I'll be by at some point,ham,ham
YOU ARE CHOSEN TO RECEIVE A �350 AWARD! Pls call claim number 09066364311 to collect your award which you are selected to receive as a valued mobile customer.,spam,spam
Go fool dont cheat others ok,ham,ham
Ok i found dis pierre cardin one which looks normal costs 20 its on sale.,ham,ham
"I had been hoping i would not have to send you this message. My rent is due and i dont have enough for it. My reserves are completely gone. Its a loan i need and was hoping you could her. The balance is  &lt;#&gt; . Is there a way i could get that from you, till mid march when i hope to pay back.",ham,ham
Dont kick coco when he's down,ham,ham
Ooooooh I forgot to tell u I can get on yoville on my phone,ham,ham
It has issues right now. Ill fix for her by tomorrow.,ham,ham
Dont talk to him ever ok its my word.,ham,ham
"Aight, we'll head out in a few",ham,ham
Yes just finished watching days of our lives. I love it.,ham,ham
"says that he's quitting at least5times a day so i wudn't take much notice of that. Nah, she didn't mind. Are you gonna see him again? Do you want to come to taunton tonight? U can tell me all about !",ham,ham
Hello. They are going to the village pub at 8 so either come here or there accordingly. Ok?,ham,ham
"This is the 2nd time we have tried to contact u. U have won the �400 prize. 2 claim is easy, just call 087104711148 NOW! Only 10p per minute. BT-national-rate",spam,spam
"Dear Voucher Holder, To claim this weeks offer, at your PC please go to http://www.wtlp.co.uk/text. Ts&Cs apply.",spam,spam
Omg you can make a wedding chapel in frontierville? Why do they get all the good stuff?,ham,ham
Realy sorry-i don't recognise this number and am now confused :) who r u please?!,ham,ham
Huh so slow i tot u reach long ago liao... U 2 more days only i 4 more leh...,ham,ham
"That day �_ say �_ cut ur hair at paragon, is it called hair sense? Do �_ noe how much is a hair cut?",ham,ham
"Someone U know has asked our dating service 2 contact you! Cant guess who? CALL 09058095107 NOW all will be revealed. POBox 7, S3XY 150p",spam,spam
"Argh my 3g is spotty, anyway the only thing I remember from the research we did was that province and sterling were the only problem-free places we looked at",ham,ham
Prof: you have passed in all the papers in this sem congrats . . . . Student: Enna kalaachutaarama..!! Prof:???? Gud mrng!,ham,ham
T-Mobile customer you may now claim your FREE CAMERA PHONE upgrade & a pay & go sim card for your loyalty. Call on 0845 021 3680.Offer ends 28thFeb.T&C's apply,spam,spam
I am joining today formally.Pls keep praying.will talk later.,ham,ham
Take some small dose tablet for fever,ham,ham
"Every King Was Once A Crying Baby And Every Great Building Was Once A Map.. Not Imprtant Where U r TODAY, BUT Where U Wil Reach TOMORW. Gud ni8",ham,ham
"Had your contract mobile 11 Mnths? Latest Motorola, Nokia etc. all FREE! Double Mins & Text on Orange tariffs. TEXT YES for callback, no to remove from records.",spam,spam
Cashbin.co.uk (Get lots of cash this weekend!) www.cashbin.co.uk Dear Welcome to the weekend We have got our biggest and best EVER cash give away!! These..,spam,spam
See? I thought it all through,ham,ham
No problem. Talk to you later,ham,ham
"Haha just kidding, papa needs drugs",ham,ham
I agree. So i can stop thinkin about ipad. Can you please ask macho the same question.,ham,ham
"\The world suffers a lot... Not because of the violence of bad people. But because of the silence of good people!\""",ham,ham
After completed degree. There is no use in joining finance.,ham,ham
Can you let me know details of fri when u find out cos I'm not in tom or fri. mentionned chinese. Thanks,ham,ham
"And how you will do that, princess? :)",ham,ham
Ok im not sure what time i finish tomorrow but i wanna spend the evening with you cos that would be vewy vewy lubly! Love me xxx,ham,ham
Msg me when rajini comes.,ham,ham
What time should I tell my friend to be around?,ham,ham
My stomach has been thru so much trauma I swear I just can't eat. I better lose weight.,ham,ham
Ok... Take ur time n enjoy ur dinner...,ham,ham
Pls send me the correct name da.,ham,ham
"I'm used to it. I just hope my agents don't drop me since i've only booked a few things this year. This whole me in boston, them in nyc was an experiment.",ham,ham
Normally i use to drink more water daily:),ham,ham
Okay... I booked all already... Including the one at bugis.,ham,ham
How dare you stupid. I wont tell anything to you. Hear after i wont talk to you:-.,ham,ham
I'm not coming home 4 dinner.,ham,ham
"\Life is nothing wen v get everything\"". But \""life is everything wen v miss something \"". Real value of people wil be realized only in their absence.... gud mrng""",ham,ham
"Sorry I flaked last night, shit's seriously goin down with my roommate, what you up to tonight?",ham,ham
Lol they don't know about my awesome phone. I could click delete right now if I want.,ham,ham
So your telling me I coulda been your real Valentine and I wasn't? U never pick me for NOTHING!!,ham,ham
Yar... I tot u knew dis would happen long ago already.,ham,ham
K.:)you are the only girl waiting in reception ah?,ham,ham
"Although i told u dat i'm into baig face watches now but i really like e watch u gave cos it's fr u. Thanx 4 everything dat u've done today, i'm touched...",ham,ham
"I sent you the prices and do you mean the  &lt;#&gt; g,",ham,ham
I dont know ask to my brother. Nothing problem some thing that. Just i told .,ham,ham
Its a part of checking IQ,ham,ham
"FREE GAME. Get Rayman Golf 4 FREE from the O2 Games Arcade. 1st get UR games settings. Reply POST, then save & activ8. Press 0 key for Arcade. Termsapply",spam,spam
Will it help if we propose going back again tomorrow,ham,ham
&lt;DECIMAL&gt; m but its not a common car here so its better to buy from china or asia. Or if i find it less expensive. I.ll holla,ham,ham
Too late. I said i have the website. I didn't i have or dont have the slippers,ham,ham
"Cool breeze... Bright sun... Fresh flower... Twittering birds... All these waiting to wish u: \GOODMORNING &amp; HAVE A NICE DAY\"" :)""",ham,ham
Oh ok no prob..,ham,ham
You've always been the brainy one.,ham,ham
"Hungry gay guys feeling hungry and up 4 it, now. Call 08718730555 just 10p/min. To stop texts call 08712460324 (10p/min)",spam,spam
Customer service annoncement. You have a New Years delivery waiting for you. Please call 07046744435 now to arrange delivery,spam,spam
"Good FRIENDS CaRE for each Other.. CLoSE Friends UNDERSTaND each Other... and TRUE Friends STaY forever beyond words, beyond time. Gud ni8",ham,ham
So how's scotland. Hope you are not over showing your JJC tendencies. Take care. Live the dream,ham,ham
I hope you that's the result of being consistently intelligent and kind. Start asking him about practicum links and keep your ears open and all the best. ttyl,ham,ham
"The last thing i ever wanted to do was hurt you. And i didn't think it would have. You'd laugh, be embarassed, delete the tag and keep going. But as far as i knew, it wasn't even up. The fact that you even felt like i would do it to hurt you shows you really don't know me at all. It was messy wednesday, but it wasn't bad. The problem i have with it is you HAVE the time to clean it, but you choose not to. You skype, you take pictures, you sleep, you want to go out. I don't mind a few things here and there, but when you don't make the bed, when you throw laundry on top of it, when i can't have a friend in the house because i'm embarassed that there's underwear and bras strewn on the bed, pillows on the floor, that's something else. You used to be good about at least making the bed.",ham,ham
"No I'm good for the movie, is it ok if I leave in an hourish?",ham,ham
"K, text me when you're on the way",ham,ham
I might come to kerala for 2 days.so you can be prepared to take a leave once i finalise .dont plan any travel during my visit.need to finish urgent works.,ham,ham
Ok but knackered. Just came home and went to sleep! Not good at this full time work lark.,ham,ham
Just nw i came to hme da..,ham,ham
"Chinatown got porridge, claypot rice, yam cake, fishhead beehoon... Either we eat cheap den go cafe n tok or go nydc or somethin...",ham,ham
"Arngd marriage is while u r walkin unfortuntly a snake bites u. bt love marriage is dancing in frnt of d snake &amp; sayin Bite me, bite me.",ham,ham
Have a good evening! Ttyl,ham,ham
What you thinked about me. First time you saw me in class.,ham,ham
For me the love should start with attraction.i should feel that I need her every time around me.she should be the first thing which comes in my thoughts.I would start the day and end it with her.she should be there every time I dream.love will be then when my every breath has her name.my life should happen around her.my life will be named to her.I would cry for her.will give all my happiness and take all her sorrows.I will be ready to fight with anyone for her.I will be in love when I will be doing the craziest things for her.love will be when I don't have to proove anyone that my girl is the most beautiful lady on the whole planet.I will always be singing praises for her.love will be when I start up making chicken curry and end up makiing sambar.life will be the most beautiful then.will get every morning and thank god for the day because she is with me.I would like to say a lot..will tell later..,ham,ham
I'm fine. Hope you are good. Do take care.,ham,ham
And stop being an old man. You get to build snowman snow angels and snowball fights.,ham,ham
Yeah. I got a list with only u and Joanna if I'm feeling really anti social,ham,ham
"Hi Shanil,Rakhesh here.thanks,i have exchanged the uncut diamond stuff.leaving back. Excellent service by Dino and Prem.",ham,ham
I've told you everything will stop. Just dont let her get dehydrated.,ham,ham
Even my brother is not like to speak with me. They treat me like aids patent.,ham,ham
"Hmm, too many of them unfortunately... Pics obviously arent hot cakes. Its kinda fun tho",ham,ham
Ugh I don't wanna get out of bed. It's so warm.,ham,ham
Todays Voda numbers ending 5226 are selected to receive a ?350 award. If you hava a match please call 08712300220 quoting claim code 1131 standard rates app,spam,spam
"SMSSERVICES. for yourinclusive text credits, pls goto www.comuk.net login= 3qxj9 unsubscribe with STOP, no extra charge. help 08702840625.COMUK. 220-CM2 9AE",spam,spam
You said to me before i went back to bed that you can't sleep for anything.,ham,ham
That is wondarfull song,ham,ham
Mind blastin.. No more Tsunamis will occur from now on.. Rajnikant stopped swimming in Indian Ocean..:-D,ham,ham
No:-)i got rumour that you going to buy apartment in chennai:-),ham,ham
So there's a ring that comes with the guys costumes. It's there so they can gift their future yowifes. Hint hint,ham,ham
"Don't Think About \What u Have Got\"" Think About \""How to Use It That You Have Got\"" gooD ni8""",ham,ham
"Call me da, i am waiting for your call.",ham,ham
Still work going on:)it is very small house.,ham,ham
"Madam,regret disturbance.might receive a reference check from DLF Premarica.kindly be informed.Rgds,Rakhesh,Kerala.",ham,ham
You flippin your shit yet?,ham,ham
Boooo you always work. Just quit.,ham,ham
Dear Subscriber ur draw 4 �100 gift voucher will b entered on receipt of a correct ans. When was Elvis Presleys Birthday? TXT answer to 80062,spam,spam
Have you not finished work yet or something?,ham,ham
Ok Chinese food on its way. When I get fat you're paying for my lipo.,ham,ham
Oh god..taken the teeth?is it paining,ham,ham
<Forwarded from 21870000>Hi - this is your Mailbox Messaging SMS alert. You have 4 messages. You have 21 matches. Please call back on 09056242159 to retrieve your messages and matches,spam,spam
Well. You know what i mean. Texting,ham,ham
No..jst change tat only..,ham,ham
Am in film ill call you later.,ham,ham
"Well am officially in a philosophical hole, so if u wanna call am at home ready to be saved!",ham,ham
Can �_ all decide faster cos my sis going home liao..,ham,ham
Waiting in e car 4 my mum lor. U leh? Reach home already?,ham,ham
"\SYMPTOMS\"" when U are in love: \""1.U like listening songs 2.U get stopped where u see the name of your beloved 3.U won't get angry when your""",ham,ham
2 laptop... I noe infra but too slow lar... I wan fast one,ham,ham
"Plz note: if anyone calling from a mobile Co. &amp; asks u to type # &lt;#&gt;  or # &lt;#&gt; . Do not do so. Disconnect the call,coz it iz an attempt of 'terrorist' to make use of the sim card no. Itz confirmd by nokia n motorola n has been verified by CNN IBN.",ham,ham
What pa tell me.. I went to bath:-),ham,ham
"Hi, can i please get a  &lt;#&gt;  dollar loan from you. I.ll pay you back by mid february. Pls.",ham,ham
"Fuck babe ... I miss you already, you know ? Can't you let me send you some money towards your net ? I need you ... I want you ... I crave you ...",ham,ham
"Storming msg: Wen u lift d phne, u say \HELLO\"" Do u knw wt is d real meaning of HELLO?? . . . It's d name of a girl..! . . . Yes.. And u knw who is dat girl?? \""Margaret Hello\"" She is d girlfrnd f Grahmbell who invnted telphone... . . . . Moral:One can 4get d name of a person",ham,ham
I just made some payments so dont have that much. Sorry. Would you want it fedex or the other way.,ham,ham
I though we shd go out n have some fun so bar in town or something ��� sound ok?,ham,ham
Yes but can we meet in town cos will go to gep and then home. You could text at bus stop. And don't worry we'll have finished by march ��_ ish!,ham,ham
Got smaller capacity one? Quite ex...,ham,ham
"Aight, sounds good. When do you want me to come down?",ham,ham
So the sun is anti sleep medicine.,ham,ham
Usually the person is unconscious that's in children but in adults they may just behave abnormally. I.ll call you now,ham,ham
"\Gimme a few\"" was  &lt;#&gt;  minutes ago""",ham,ham
"Its ok, called mom instead have fun",ham,ham
Me too. Mark is taking forever to pick up my prescription and the pain is coming back.,ham,ham
Mm you ask him to come its enough :-),ham,ham
"Come to me right now, Ahmad",ham,ham
Yes i will be there. Glad you made it.,ham,ham
Takin a shower now but yeah I'll leave when I'm done,ham,ham
Hi baby ive just got back from work and i was wanting to see u allday! I hope i didnt piss u off on the phone today. If u are up give me a call xxx,ham,ham
"Mmmmm ... It was sooooo good to wake to your words this morning, my Love!! Mmmm fuck ... I love you too, my Lion ... *devouring kiss from across the sea*",ham,ham
"Brainless Baby Doll..:-D;-), vehicle sariyag drive madoke barolla..",ham,ham
Good Luck! Draw takes place 28th Feb 06. Good Luck! For removal send STOP to 87239 customer services 08708034412,spam,spam
Eek that's a lot of time especially since American Pie is like 8 minutes long. I can't stop singing it.,ham,ham
Are we doing the norm tomorrow? I finish just a 4.15 cos of st tests. Need to sort library stuff out at some point tomo - got letter from today - access til end march so i better get move on!,ham,ham
"Hi elaine, is today's meeting confirmed?",ham,ham
PLEASSSSSSSEEEEEE TEL ME V AVENT DONE SPORTSx,ham,ham
I wont touch you with out your permission.,ham,ham
"I can't keep going through this. It was never my intention to run you out, but if you choose to do that rather than keep the room clean so *I* don't have to say no to visitors, then maybe that's the best choice. Yes, I wanted you to be embarassed, so maybe you'd feel for once how I feel when i have a friend who wants to drop buy and i have to say no, as happened this morning. I've tried everything. I don't know what else to do.",ham,ham
"Sorry I missed you babe. I was up late and slept in. I hope you enjoy your driving lesson, boytoy. I miss you too ... *teasing kiss*",ham,ham
"sry can't talk on phone, with parents",ham,ham
"I hope your alright babe? I worry that you might have felt a bit desparate when you learned the job was a fake ? I am here waiting when you come back, my love",ham,ham
Uhhhhrmm isnt having tb test bad when youre sick,ham,ham
Send me the new number,ham,ham
No. On the way home. So if not for the long dry spell the season would have been over,ham,ham
New TEXTBUDDY Chat 2 horny guys in ur area 4 just 25p Free 2 receive Search postcode or at gaytextbuddy.com. TXT ONE name to 89693. 08715500022 rpl Stop 2 cnl,spam,spam
"pdate_Now - Double mins and 1000 txts on Orange tariffs. Latest Motorola, SonyEricsson & Nokia & Bluetooth FREE! Call MobileUpd8 on 08000839402 or call2optout/!YHL",spam,spam
"SMS. ac JSco: Energy is high, but u may not know where 2channel it. 2day ur leadership skills r strong. Psychic? Reply ANS w/question. End? Reply END JSCO",spam,spam
You will be in the place of that man,ham,ham
I'm at home n ready...,ham,ham
I like to think there's always the possibility of being in a pub later.,ham,ham
Sorry I missed your call let's talk when you have the time. I'm on 07090201529,spam,ham
Get a brand new mobile phone by being an agent of The Mob! Plus loads more goodies! For more info just text MAT to 87021.,spam,spam
Cant think of anyone with * spare room off * top of my head,ham,ham
�� ready then call me...,ham,ham
Studying. But i.ll be free next weekend.,ham,ham
"Nt only for driving even for many reasons she is called BBD..thts it chikku, then hw abt dvg cold..heard tht vinobanagar violence hw is the condition..and hw ru ? Any problem?",ham,ham
Joy's father is John. Then John is the ____ of Joy's father. If u ans ths you hav  &lt;#&gt;  IQ. Tis s IAS question try to answer.,ham,ham
I was just callin to say hi. Take care bruv!,ham,ham
"Babe, I'm answering you, can't you see me ? Maybe you'd better reboot YM ... I got the photo ... It's great !",ham,ham
Then u ask darren go n pick u lor... But i oso sian tmr haf 2 meet lect...,ham,ham
Hi Princess! Thank you for the pics. You are very pretty. How are you?,ham,ham
The search 4 happiness is 1 of d main sources of unhappiness! Accept life the way it comes! U will find happiness in every moment u live.,ham,ham
Free Msg: Ringtone!From: http://tms. widelive.com/index. wml?id=1b6a5ecef91ff9*37819&first=true18:0430-JUL-05,spam,spam
Mum not going robinson already.,ham,ham
gonna let me know cos comes bak from holiday that day.  is coming. Don't4get2text me  number.,ham,ham
Hey gorgeous man. My work mobile number is. Have a good one babe. Squishy Mwahs.,ham,ham
And do you have any one that can teach me how to ship cars.,ham,ham
"Sorry, I guess whenever I can get a hold of my connections, maybe an hour or two? I'll text you",ham,ham
My drive can only be read. I need to write,ham,ham
Havent stuck at orchard in my dad's car. Going 4 dinner now. U leh? So r they free tonight?,ham,ham
Someone U know has asked our dating service 2 contact you! Cant Guess who? CALL 09058091854 NOW all will be revealed. PO BOX385 M6 6WU,spam,spam
"\Im at arestaurant eating squid! i will be out about 10:30 wanna dosomething or is that to late?\""""",ham,ham
Should I have picked up a receipt or something earlier,ham,ham
"There'll be a minor shindig at my place later tonight, you interested?",ham,ham
"OH YEAH,AND HAV A GREAT TIME IN NEWQUAY-SEND ME A POSTCARD !1 LOOK AFTER ALL THE GIRLS WHILE IM GONE(U KNOW THE 1IM TALKIN BOUT!)xx",ham,ham
K:)eng rocking in ashes:),ham,ham
K actually can you guys meet me at the sunoco on howard? It should be right on the way,ham,ham
Yes i thought so. Thanks.,ham,ham
"We spend our days waiting for the ideal path to appear in front of us.. But what we forget is.. \paths are made by walking.. not by waiting..\"" Goodnight!""",ham,ham
Yes da. Any plm at ur office,ham,ham
I only haf msn. It's yijue@hotmail.com,ham,ham
we tried to contact you re your response to our offer of a new nokia fone and camcorder hit reply or call 08000930705 for delivery,spam,spam
"Yo, you gonna still be in stock tomorrow/today? I'm trying to get a dubsack",ham,ham
URGENT! Your Mobile number has been awarded with a �2000 prize GUARANTEED. Call 09061790126 from land line. Claim 3030. Valid 12hrs only 150ppm,spam,spam
"Gosh that , what a pain. Spose I better come then.",ham,ham
Hey come online! Use msn... We are all there,ham,ham
Host-based IDPS for linux systems.,ham,ham
"Looks like you found something to do other than smoke, great job!",ham,ham
Why don't you wait 'til at least wednesday to see if you get your .,ham,ham
"Its good, we'll find a way",ham,ham
"Ok., is any problem to u frm him? Wats matter?",ham,ham
I will come with karnan car. Please wait till 6pm will directly goto doctor.,ham,ham
IMPORTANT INFORMATION 4 ORANGE USER 0796XXXXXX. TODAY IS UR LUCKY DAY!2 FIND OUT WHY LOG ONTO http://www.urawinner.com THERE'S A FANTASTIC PRIZEAWAITING YOU!,spam,spam
"Thanks for your ringtone order, reference number X29. Your mobile will be charged 4.50. Should your tone not arrive please call customer services 09065989180",spam,spam
"Good morning, my Love ... I go to sleep now and wish you a great day full of feeling better and opportunity ... You are my last thought babe, I LOVE YOU *kiss*",ham,ham
Not tonight mate. Catching up on some sleep. This is my new number by the way.,ham,ham
Dunno lei �_ all decide lor. How abt leona? Oops i tot ben is going n i msg him.,ham,ham
"Don't worry, * is easy once have ingredients!",ham,ham
Cos darren say �_ considering mah so i ask �_...,ham,ham
Nokia phone is lovly..,ham,ham
I remain unconvinced that this isn't an elaborate test of my willpower,ham,ham
Hai priya are you right. What doctor said pa. Where are you.,ham,ham
Yup... Hey then one day on fri we can ask miwa and jiayin take leave go karaoke,ham,ham
I'm stuck in da middle of da row on da right hand side of da lt...,ham,ham
Do you want a New Nokia 3510i Colour Phone Delivered Tomorrow? With 200 FREE minutes to any mobile + 100 FREE text + FREE camcorder Reply or Call 8000930705,spam,spam
How come guoyang go n tell her? Then u told her?,ham,ham
What should i eat fo lunch senor,ham,ham
U're welcome... Caught u using broken english again...,ham,ham
"Customer service announcement. We recently tried to make a delivery to you but were unable to do so, please call 07090298926 to re-schedule. Ref:9307622",spam,spam
Even u dont get in trouble while convincing..just tel him once or twice and just tel neglect his msgs dont c and read it..just dont reply,ham,ham
Then u drive lor.,ham,ham
Why do you ask princess?,ham,ham
"By the way, make sure u get train to worc foregate street not shrub hill. Have fun night x",ham,ham
I���ll have a look at the frying pan in case it���s cheap or a book perhaps. No that���s silly a frying pan isn���t likely to be a book,ham,ham
Went to pay rent. So i had to go to the bank to authorise the payment.,ham,ham
"Erm ��_ ill pick you up at about 6.45pm. That'll give enough time to get there, park and that.",ham,ham
"Come around  &lt;DECIMAL&gt; pm vikky..i'm otside nw, il come by tht time",ham,ham
Ay wana meet on sat?�_ wkg on sat?,ham,ham
it's really getting me down just hanging around.,ham,ham
"Hello, my love! How goes that day ? I wish your well and fine babe and hope that you find some job prospects. I miss you, boytoy ... *a teasing kiss*",ham,ham
PICK UR FONE UP NOW U DUMB?,ham,ham
Now got tv 2 watch meh? U no work today?,ham,ham
Ur cash-balance is currently 500 pounds - to maximize ur cash-in now send COLLECT to 83600 only 150p/msg. CC: 08718720201 PO BOX 114/14 TCR/W1,spam,spam
Pls clarify back if an open return ticket that i have can be preponed for me to go back to kerala.,ham,ham
Y bishan lei... I tot �_ say lavender?,ham,ham
Actually i deleted my old website..now i m blogging at magicalsongs.blogspot.com,ham,ham
So when do you wanna gym harri,ham,ham
What happen dear. Why you silent. I am tensed,ham,ham
"You are being contacted by our Dating Service by someone you know! To find out who it is, call from your mobile or landline 09064017305 PoBox75LDNS7",spam,spam
"Shit that is really shocking and scary, cant imagine for a second. Def up for night out. Do u think there is somewhere i could crash for night, save on taxi?",ham,ham
Then we gotta do it after that,ham,ham
I wanna watch that movie,ham,ham
Is it your yahoo boys that bring in the perf? Or legal.,ham,ham
"Ya ok, then had dinner?",ham,ham
"Sorry, got a late start, we're on the way",ham,ham
"Dizzamn, aight I'll ask my suitemates when I get back",ham,ham
:-( sad puppy noise,ham,ham
Nah dub but je still buff,ham,ham
What's up my own oga. Left my phone at home and just saw ur messages. Hope you are good. Have a great weekend.,ham,ham
ITS A LAPTOP TAKE IT WITH YOU.,ham,ham
Have you got Xmas radio times. If not i will get it now,ham,ham
"Thanks da thangam, i feel very very happy dear. I also miss you da.",ham,ham
URGENT! Your Mobile number has been awarded with a �2000 Bonus Caller Prize. Call 09058095201 from land line. Valid 12hrs only,spam,spam
"You might want to pull out more just in case and just plan on not spending it if you can, I don't have much confidence in derek and taylor's money management",ham,ham
"LookAtMe!: Thanks for your purchase of a video clip from LookAtMe!, you've been charged 35p. Think you can do better? Why not send a video in a MMSto 32323.",spam,ham
K..k..any special today?,ham,ham
"Hi the way I was with u 2day, is the normal way&this is the real me. UR unique&I hope I know u 4 the rest of mylife. Hope u find wot was lost.",ham,ham
No. Yes please. Been swimming?,ham,ham
So dont use hook up any how,ham,ham
"Babe! I fucking love you too !! You know? Fuck it was so good to hear your voice. I so need that. I crave it. I can't get enough. I adore you, Ahmad *kisses*",ham,ham
You have WON a guaranteed �1000 cash or a �2000 prize.To claim yr prize call our customer service representative on,spam,spam
"You are guaranteed the latest Nokia Phone, a 40GB iPod MP3 player or a �500 prize! Txt word: COLLECT to No: 83355! IBHltd LdnW15H 150p/Mtmsgrcvd18",spam,spam
Dai  &lt;#&gt;  naal eruku.,ham,ham
K fyi x has a ride early tomorrow morning but he's crashing at our place tonight,ham,ham
"Hi, wkend ok but journey terrible. Wk not good as have huge back log of marking to do",ham,ham
Re your call; You didn't see my facebook huh?,ham,ham
Congratulations U can claim 2 VIP row A Tickets 2 C Blu in concert in November or Blu gift guaranteed Call 09061104276 to claim TS&Cs www.smsco.net cost�3.75max,spam,spam
Yeah I imagine he would be really gentle. Unlike the other docs who treat their patients like turkeys.,ham,ham
He also knows about lunch menu only da. . I know,ham,ham
If you don't respond imma assume you're still asleep and imma start calling n shit,ham,ham
"Bill, as in: Are there any letters for me. i�۪m expecting one from orange that isn�۪t a bill but may still say orange on it.",ham,ham
The whole car appreciated the last two! Dad and are having a map reading semi argument but apart from that things are going ok. P.,ham,ham
I'm reaching home in 5 min.,ham,ham
Should I head straight there or what,ham,ham
"Haha figures, well I found the piece and priscilla's bowl",ham,ham
R we going with the  &lt;#&gt;  bus?,ham,ham
Me fine..absolutly fine,ham,ham
Hi. Customer Loyalty Offer:The NEW Nokia6650 Mobile from ONLY �10 at TXTAUCTION! Txt word: START to No: 81151 & get yours Now! 4T&Ctxt TC 150p/MTmsg,spam,spam
Sorry! U can not unsubscribe yet. THE MOB offer package has a min term of 54 weeks> pls resubmit request after expiry. Reply THEMOB HELP 4 more info,spam,spam
K..k:)how about your training process?,ham,ham
PRIVATE! Your 2003 Account Statement for shows 800 un-redeemed S. I. M. points. Call 08715203652 Identifier Code: 42810 Expires 29/10/0,spam,spam
Someone has contacted our dating service and entered your phone because they fancy you! To find out who it is call from a landline 09111032124 . PoBox12n146tf150p,spam,spam
"No, but you told me you were going, before you got drunk!",ham,ham
ARE YOU IN TOWN? THIS IS V. IMPORTANT,ham,ham
Designation is software developer and may be she get chennai:),ham,ham
I will reach before ten morning,ham,ham
Hello boytoy ! Geeee ... I'm missing you today. I like to send you a tm and remind you I'm thinking of you ... And you are loved ... *loving kiss*,ham,ham
Wah lucky man... Then can save money... Hee...,ham,ham
"Call me when you/carlos is/are here, my phone's vibrate is acting up and I might not hear texts",ham,ham
They are just making it easy to pay back. I have  &lt;#&gt; yrs to say but i can pay back earlier. You get?,ham,ham
I've reached sch already...,ham,ham
Send a logo 2 ur lover - 2 names joined by a heart. Txt LOVE NAME1 NAME2 MOBNO eg LOVE ADAM EVE 07123456789 to 87077 Yahoo! POBox36504W45WQ TxtNO 4 no ads 150p,spam,spam
"Thk shld b can... Ya, i wana go 4 lessons... Haha, can go for one whole stretch...",ham,ham
Ha ha cool cool chikku chikku:-):-DB-),ham,ham
Pls speak to that customer machan.,ham,ham
Thanks for yesterday sir. You have been wonderful. Hope you enjoyed the burial. MojiBiola,ham,ham
TheMob>Yo yo yo-Here comes a new selection of hot downloads for our members to get for FREE! Just click & open the next link sent to ur fone...,spam,ham
"I know where the  &lt;#&gt;  is, I'll be there around 5",ham,ham
"Sir, I need AXIS BANK account no and bank address.",ham,ham
He is a womdarfull actor,ham,ham
I'll be late...,ham,ham
Got meh... When?,ham,ham
My uncles in Atlanta. Wish you guys a great semester.,ham,ham
I'm now but have to wait till 2 for the bus to pick me.,ham,ham
Long after I quit. I get on only like 5 minutes a day as it is.,ham,ham
U WILL SWITCH YOUR FONE ON DAMMIT!!,ham,ham
Early bird! Any purchases yet?,ham,ham
I dont. Can you send it to me. Plus how's mode.,ham,ham
Congratulations ore mo owo re wa. Enjoy it and i wish you many happy moments to and fro wherever you go,ham,ham
Hi I'm sue. I am 20 years old and work as a lapdancer. I love sex. Text me live - I'm i my bedroom now. text SUE to 89555. By TextOperator G2 1DA 150ppmsg 18+,spam,spam
&lt;#&gt;  am I think? Should say on syllabus,ham,ham
Ok i also wan 2 watch e 9 pm show...,ham,ham
:-( that's not v romantic!,ham,ham
Pansy! You've been living in a jungle for two years! Its my driving you should be more worried about!,ham,ham
Ok then i'll let him noe later n ask him call u tmr...,ham,ham
I keep ten rs in my shelf:) buy two egg.,ham,ham
K. Did you call me just now ah?,ham,ham
The greatest test of courage on earth is to bear defeat without losing heart....gn tc,ham,ham
If anyone calls for a treadmill say you'll buy it. Make sure its working. I found an ad on Craigslist selling for $ &lt;#&gt; .,ham,ham
Dear how is chechi. Did you talk to her,ham,ham
WE REGRET TO INFORM U THAT THE NHS HAS MADE A MISTAKE.U WERE NEVER ACTUALLY BORN.PLEASE REPORT 2 YOR LOCAL HOSPITAL 2B TERMINATED.WE R SORRY 4 THE INCONVENIENCE,ham,ham
Where to get those?,ham,ham
PRIVATE! Your 2003 Account Statement for <fone no> shows 800 un-redeemed S. I. M. points. Call 08715203656 Identifier Code: 42049 Expires 26/10/04,spam,spam
"You have won ?1,000 cash or a ?2,000 prize! To claim, call09050000327. T&C: RSTM, SW7 3SS. 150ppm",spam,spam
I didn't get the second half of that message,ham,ham
I will lick up every drop :) are you ready to use your mouth as well?,ham,ham
YO YO YO BYATCH WHASSUP?,ham,ham
She just broke down a list of reasons why nobody's in town and I can't tell if she's being sarcastic or just faggy,ham,ham
"Aight, see you in a bit",ham,ham
Hurt me... Tease me... Make me cry... But in the end of my life when i die plz keep one rose on my grave and say STUPID I MISS U.. HAVE A NICE DAY BSLVYL,ham,ham
Bored housewives! Chat n date now! 0871750.77.11! BT-national rate 10p/min only from landlines!,spam,spam
You have won a guaranteed �200 award or even �1000 cashto claim UR award call free on 08000407165 (18+) 2 stop getstop on 88222 PHP,spam,spam
Was the farm open?,ham,ham
"No dude, its not fake..my frnds got money, thts y i'm reffering u..if u member wit my mail link, u vl be credited  &lt;#&gt; rs and il be getiing  &lt;#&gt; rs..i can draw my acc wen it is  &lt;#&gt; rs..",ham,ham
Probably earlier than that if the station's where I think it is,ham,ham
Yes..gauti and sehwag out of odi series.,ham,ham
cThen i thk shd b enuff.. Still got conclusion n contents pg n references.. I'll b doing da contents pg n cover pg..,ham,ham
"Received, understood n acted upon!",ham,ham
"Ooh, 4got, i'm gonna start belly dancing in moseley weds 6.30 if u want 2 join me, they have a cafe too.",ham,ham
Yun buying... But school got offer 2000 plus only...,ham,ham
"Trust me. Even if isn't there, its there.",ham,ham
"Also sir, i sent you an email about how to log into the usc payment portal. I.ll send you another message that should explain how things are back home. Have a great weekend.",ham,ham
Hope you enjoyed your new content. text stop to 61610 to unsubscribe. help:08712400602450p Provided by tones2you.co.uk,spam,spam
Buzzzz! *grins* Did I buzz your ass? Buzz your chest ? Buzz your cock ? Where do you keep your phone ? Is the vibrator on ? Did you feel it shake ?,ham,ham
Babe: U want me dont u baby! Im nasty and have a thing 4 filthyguys. Fancy a rude time with a sexy bitch. How about we go slo n hard! Txt XXX SLO(4msgs),spam,ham
That is wondar full flim.,ham,ham
(Bank of Granite issues Strong-Buy) EXPLOSIVE PICK FOR OUR MEMBERS *****UP OVER 300% *********** Nasdaq Symbol CDGT That is a $5.00 per..,spam,spam
HI DARLIN HOW WAS WORK DID U GET INTO TROUBLE? IJUST TALKED TO YOUR MUM ALL MORNING! I HAD A REALLY GOOD TIME LAST NIGHT IM GOIN OUT SOON BUT CALL ME IF U CAN,ham,ham
Then u go back urself lor...,ham,ham
Macha dont feel upset.i can assume your mindset.believe me one evening with me and i have some wonderful plans for both of us.LET LIFE BEGIN AGAIN.call me anytime,ham,ham
"This is the 2nd time we have tried 2 contact u. U have won the 750 Pound prize. 2 claim is easy, call 08712101358 NOW! Only 10p per min. BT-national-rate",spam,spam
You have got tallent but you are wasting.,ham,ham
Which is why i never wanted to tell you any of this. Which is why i'm so short with you and on-edge as of late.,ham,ham
Dear i am not denying your words please,ham,ham
�� dun wan to watch infernal affair?,ham,ham
Gr8 new service - live sex video chat on your mob - see the sexiest dirtiest girls live on ur phone - 4 details text horny to 89070 to cancel send STOP to 89070,spam,spam
Yes! I am a one woman man! Please tell me your likes and dislikes in bed...,ham,ham
Just finished. Missing you plenty,ham,ham
Alright took the morphine. Back in yo.,ham,ham
"I didnt get ur full msg..sometext is missing, send it again",ham,ham
"\I;m reaching in another 2 stops.\""""",ham,ham
Great! So what attracts you to the brothas?,ham,ham
He remains a bro amongst bros,ham,ham
Did u receive my msg?,ham,ham
S:-)kallis wont play in first two odi:-),ham,ham
"\Are you comingdown later?\""""",ham,ham
Da my birthdate in certificate is in april but real date is today. But dont publish it. I shall give you a special treat if you keep the secret. Any way thanks for the wishes,ham,ham
Oh k.k..where did you take test?,ham,ham
And how's your husband.,ham,ham
The message sent is askin for  &lt;#&gt; dollars. Shoul i pay  &lt;#&gt;  or  &lt;#&gt; ?,ham,ham
Hey do you want anything to buy:),ham,ham
Poor girl can't go one day lmao,ham,ham
Slept? I thinkThis time ( &lt;#&gt;  pm) is not dangerous,ham,ham
Then what about further plan?,ham,ham
I hope you arnt pissed off but id would really like to see you tomorrow. Love me xxxxxxxxxxxxxX,ham,ham
\HEY BABE! FAR 2 SPUN-OUT 2 SPK AT DA MO... DEAD 2 DA WRLD. BEEN SLEEPING ON DA SOFA ALL DAY,ham,ham
"What i mean was i left too early to check, cos i'm working a 9-6.",ham,ham
No other Valentines huh? The proof is on your fb page. Ugh I'm so glad I really DIDN'T watch your rupaul show you TOOL!,ham,ham
"Aight, text me tonight and we'll see what's up",ham,ham
"Awesome, be there in a minute",ham,ham
Neshanth..tel me who r u?,ham,ham
Ok darlin i supose it was ok i just worry too much.i have to do some film stuff my mate and then have to babysit again! But you can call me there.xx,ham,ham
Hey are you angry with me. Reply me dr.,ham,ham
Is avatar supposed to have subtoitles,ham,ham
Keep yourself safe for me because I need you and I miss you already and I envy everyone that see's you in real life,ham,ham
"A boy was late 2 home. His father: \POWER OF FRNDSHIP\""""",ham,ham
Yes... I trust u to buy new stuff ASAP so I can try it out,ham,ham
Did u got that persons story,ham,ham
I just cooked a rather nice salmon a la you,ham,ham
"\For the most sparkling shopping breaks from 45 per person; call 0121 2025050 or visit www.shortbreaks.org.uk\""""",spam,spam
"I can probably come by, everybody's done around  &lt;#&gt;  right?",ham,ham
Not able to do anything.,ham,ham
"Thursday night? Yeah, sure thing, we'll work it out then",ham,ham
U in town alone?,ham,ham
Thanx a lot...,ham,ham
I'm sick !! I'm needy !! I want you !! *pouts* *stomps feet* Where are you ?! *pouts* *stomps feet* I want my slave !! I want him now !!,ham,ham
"Aight, let me know when you're gonna be around usf",ham,ham
And maybe some pressies,ham,ham
So when do you wanna gym?,ham,ham
Your bill at 3 is �33.65 so thats not bad!,ham,ham
"I can't, I don't have her number!",ham,ham
Missing you too.pray inshah allah,ham,ham
Ur cash-balance is currently 500 pounds - to maximize ur cash-in now send CASH to 86688 only 150p/msg. CC: 08718720201 PO BOX 114/14 TCR/W1,spam,spam
So what about you. What do you remember,ham,ham
Then �_ come n pick me at 530 ar?,ham,ham
"For ur chance to win �250 cash every wk TXT: PLAY to 83370. T's&C's www.music-trivia.net custcare 08715705022, 1x150p/wk.",spam,spam
I called but no one pick up e phone. I ask both of them already they said ok.,ham,ham
Its not the same here. Still looking for a job. How much do Ta's earn there.,ham,ham
Double eviction this week - Spiral and Michael and good riddance to them!,ham,ham
I have 2 docs appointments next week.:/ I'm tired of them shoving stuff up me. Ugh why couldn't I have had a normal body?,ham,ham
Is xy going 4 e lunch?,ham,ham
Guess who spent all last night phasing in and out of the fourth dimension,ham,ham
"HI HUN! IM NOT COMIN 2NITE-TELL EVERY1 IM SORRY 4 ME, HOPE U AVA GOODTIME!OLI RANG MELNITE IFINK IT MITE B SORTED,BUT IL EXPLAIN EVERYTHIN ON MON.L8RS.x",ham,ham
"Aldrine, rakhesh ex RTM here.pls call.urgent.",ham,ham
"Camera quite good, 10.1mega pixels, 3optical and 5digital dooms. Have a lovely holiday, be safe and i hope you hav a good journey! Happy new year to you both! See you in a couple of weeks!",ham,ham
"K, wen ur free come to my home and also tel vikky i hav sent mail to him also.. Better come evening il be free today aftr 6pm..:-)",ham,ham
"Kind of. Just missed train cos of asthma attack, nxt one in half hr so driving in. not sure where to park.",ham,ham
I am sorry it hurt you.,ham,ham
"Yeah hopefully, if tyler can't do it I could maybe ask around a bit",ham,ham
Meanwhile in the shit suite: xavier decided to give us  &lt;#&gt;  seconds of warning that samantha was coming over and is playing jay's guitar to impress her or some shit. Also I don't think doug realizes I don't live here anymore,ham,ham
I need details about that online job.,ham,ham
"This is the 2nd attempt to contract U, you have won this weeks top prize of either �1000 cash or �200 prize. Just call 09066361921",spam,spam
"Dear friends, sorry for the late information. Today is the birthday of our loving Ar.Praveesh. for more details log on to face book and see. Its his number + &lt;#&gt; . Dont miss a delicious treat.",ham,ham
Yetunde i'm in class can you not run water on it to make it ok. Pls now.,ham,ham
"Oops, I'll let you know when my roommate's done",ham,ham
What do u want when i come back?.a beautiful necklace as a token of my heart for you.thats what i will give but ONLY to MY WIFE OF MY LIKING.BE THAT AND SEE..NO ONE can give you that.dont call me.i will wait till i come.,ham,ham
"I got like $ &lt;#&gt; , I can get some more later though. Get whatever you feel like",ham,ham
Gud mrng dear hav a nice day,ham,ham
We have to pick rayan macleran there.,ham,ham
"\CHEERS FOR CALLIN BABE.SOZI CULDNT TALKBUT I WANNATELL U DETAILS LATER WENWECAN CHAT PROPERLY X\""""",ham,ham
Update your face book status frequently :),ham,ham
Yesterday its with me only . Now am going home.,ham,ham
"It���s reassuring, in this crazy world.",ham,ham
"He said that he had a right giggle when he saw u again! You would possibly be the first person2die from NVQ, but think how much you could for!",ham,ham
I'm thinking that chennai forgot to come for auction..,ham,ham
Well its not like you actually called someone a punto. That woulda been worse.,ham,ham
"Aight, call me once you're close",ham,ham
How much are we getting?,ham,ham
**FREE MESSAGE**Thanks for using the Auction Subscription Service. 18 . 150p/MSGRCVD 2 Skip an Auction txt OUT. 2 Unsubscribe txt STOP CustomerCare 08718726270,spam,spam
Hai dear friends... This is my new &amp; present number..:) By Rajitha Raj (Ranju),ham,ham
Shall i get my pouch?,ham,ham
Hows the pain dear?y r u smiling?,ham,ham
I told that am coming on wednesday.,ham,ham
Captain vijaykanth is doing comedy in captain tv..he is drunken :),ham,ham
I need to come home and give you some good lovin...,ham,ham
I'm gonna rip out my uterus.,ham,ham
I wait 4 �_ inside da car park...,ham,ham
"Aight will do, thanks again for comin out",ham,ham
Good Morning my Dear Shijutta........... Have a great &amp; successful day.,ham,ham
I notice you like looking in the shit mirror youre turning into a right freak,ham,ham
Was playng 9 doors game and gt racing on phone lol,ham,ham
Ok then u tell me wat time u coming later lor.,ham,ham
"\BOO BABE! U ENJOYIN YOURJOB? U SEEMED 2 B GETTIN ON WELL HUNNY!HOPE URE OK?TAKE CARE & I��LLSPEAK 2U SOONLOTS OF LOVEME XXXX.\""""",ham,ham
"Hey. What happened? U switch off ur cell d whole day. This isnt good. Now if u do care, give me a call tomorrow.",ham,ham
Nice talking to you! please dont forget my pix :) i want to see all of you...,ham,ham
"Could you not read me, my Love ? I answered you",ham,ham
"Sir, I need Velusamy sir's date of birth and company bank facilities details.",ham,ham
"Nothing, i got msg frm tht unknown no..",ham,ham
"I noe la... U wana pei bf oso rite... K lor, other days den...",ham,ham
THANX 4 PUTTIN DA FONE DOWN ON ME!!,ham,ham
Hi 07734396839 IBH Customer Loyalty Offer: The NEW NOKIA6600 Mobile from ONLY �10 at TXTAUCTION!Txt word:START to No:81151 & get Yours Now!4T&,spam,spam
Hey.. Something came up last min.. Think i wun be signing up tmr.. Hee,ham,ham
\Hey sorry I didntgive ya a a bellearlier hunny,ham,ham
\Hey j! r u feeling any better,ham,ham
hi baby im sat on the bloody bus at the mo and i wont be home until about 7:30 wanna do somethin later? call me later ortxt back jess xx,ham,ham
I dunno lei... Like dun haf...,ham,ham
Lol ... I knew that .... I saw him in the dollar store,ham,ham
"What will we do in the shower, baby?",ham,ham
Guai... �� shd haf seen him when he's naughty... �� so free today? Can go jogging...,ham,ham
If you still havent collected the dough pls let me know so i can go to the place i sent it to get the control number,ham,ham
I think i've fixed it can you send a test message?,ham,ham
S now only i took tablets . Reaction morning only.,ham,ham
Your pussy is perfect!,ham,ham
Yo we are watching a movie on netflix,ham,ham
"Yo, call me when you get the chance, a friend of mine wanted me to ask you about a big order",ham,ham
Lol I know! Hey someone did a great inpersonation of flea on the forums. I love it!,ham,ham
cool. We will have fun practicing making babies!,ham,ham
How. Its a little difficult but its a simple way to enter this place,ham,ham
"Also north carolina and texas atm, you would just go to the gre site and pay for the test results to be sent.",ham,ham
Great to hear you are settling well. So what's happenin wit ola?,ham,ham
Ee msg na poortiyagi odalebeku: Hanumanji 7 name 1-Hanuman 2-Bajarangabali 3-Maruti 4-Pavanaputra 5-Sankatmochan 6-Ramaduth 7-Mahaveer ee 7 name  &lt;#&gt;  janarige ivatte kalisidare next saturday olage ondu good news keluviri...! Maretare inde 1 dodda problum nalli siguviri idu matra  &lt;#&gt; % true.. Don't neglet.,ham,ham
Hmm .. Bits and pieces lol ... *sighs* ...,ham,ham
Nothin comes to my mind. �� help me buy hanger lor. Ur laptop not heavy?,ham,ham
"Oops - am at my mum's in somerset... Bit far! Back tomo, see you soon x",ham,ham
What???? Hello wats talks email address?,ham,ham
"Orange customer, you may now claim your FREE CAMERA PHONE upgrade for your loyalty. Call now on 0207 153 9996. Offer ends 14thMarch. T&C's apply. Opt-out availa",spam,spam
Kallis is ready for bat in 2nd innings,ham,ham
"Actually, my mobile is full of msg. And i m doing a work online, where i need to send them  &lt;#&gt;  sent msg i wil explain u later.",ham,ham
:-) :-),ham,ham
You have 1 new message. Please call 08718738034.,spam,spam
K.i will send in  &lt;#&gt;  min:),ham,ham
"No my blankets are sufficient, thx",ham,ham
Hey I am really horny want to chat or see me naked text hot to 69698 text charged at 150pm to unsubscribe text stop 69698,spam,spam
Ok. I asked for money how far,ham,ham
�� called dad oredi...,ham,ham
"No we put party 7 days a week and study lightly, I think we need to draw in some custom checkboxes so they know we're hardcore",ham,ham
"Got hella gas money, want to go on a grand nature adventure with galileo in a little bit?",ham,ham
U know we watchin at lido?,ham,ham
That one week leave i put know that time. Why.,ham,ham
I am back. Good journey! Let me know if you need any of the receipts. Shall i tell you like the pendent?,ham,ham
Jesus christ bitch I'm trying to give you drugs answer your fucking phone,ham,ham
Promotion Number: 8714714 - UR awarded a City Break and could WIN a �200 Summer Shopping spree every WK. Txt STORE to 88039 . SkilGme. TsCs087147403231Winawk!Age16 �1.50perWKsub,spam,spam
In sch but neva mind u eat 1st lor..,ham,ham
I will be gentle baby! Soon you will be taking all  &lt;#&gt;  inches deep inside your tight pussy...,ham,ham
Any pain on urination any thing else?,ham,ham
I am hot n horny and willing I live local to you - text a reply to hear strt back from me 150p per msg Netcollex LtdHelpDesk: 02085076972 reply Stop to end,spam,spam
Adult 18 Content Your video will be with you shortly,spam,spam
Yeh. Indians was nice. Tho it did kane me off a bit he he. We shud go out 4 a drink sometime soon. Mite hav 2 go 2 da works 4 a laugh soon. Love Pete x x,ham,ham
Good words.... But words may leave u in dismay many times.,ham,ham
"Good afternon, my love. How are today? I hope your good and maybe have some interviews. I wake and miss you babe. A passionate kiss from across the sea",ham,ham
"Life is more strict than teacher... Bcoz Teacher teaches lesson &amp; then conducts exam, But Life first conducts Exam &amp; then teaches Lessons. Happy morning. . .",ham,ham
I'll be at mu in like  &lt;#&gt;  seconds,ham,ham
U have a Secret Admirer who is looking 2 make contact with U-find out who they R*reveal who thinks UR so special-call on 09065171142-stopsms-08,spam,spam
Taka lor. Wat time u wan 2 come n look 4 us?,ham,ham
You're not sure that I'm not trying to make xavier smoke because I don't want to smoke after being told I smoke too much?,ham,ham
"It's fine, imma get a drink or somethin. Want me to come find you?",ham,ham
Okie �_ wan meet at bishan? Cos me at bishan now. I'm not driving today.,ham,ham
Block Breaker now comes in deluxe format with new features and great graphics from T-Mobile. Buy for just �5 by replying GET BBDELUXE and take the challenge,spam,ham
LMAO where's your fish memory when I need it?,ham,ham
You do got a shitload of diamonds though,ham,ham
A lot of this sickness thing going round. Take it easy. Hope u feel better soon. Lol,ham,ham
Carlos says he'll be at mu in  &lt;#&gt;  minutes,ham,ham
Ujhhhhhhh computer shipped out with address to sandiago and parantella lane. Wtf. Poop.,ham,ham
The battery is for mr adewale my uncle. Aka Egbon,ham,ham
Tmrw. Im finishing 9 doors,ham,ham
I am back. Bit long cos of accident on a30. Had to divert via wadebridge.I had a brilliant weekend thanks. Speak soon. Lots of love,ham,ham
Hello! How r u? Im bored. Inever thought id get bored with the tv but I am. Tell me something exciting has happened there? Anything! =/,ham,ham
great princess! I love giving and receiving oral. Doggy style is my fave position. How about you? I enjoy making love  &lt;#&gt;  times per night :),ham,ham
"YOUR CHANCE TO BE ON A REALITY FANTASY SHOW call now = 08707509020 Just 20p per min NTT Ltd, PO Box 1327 Croydon CR9 5WB 0870 is a national = rate call.",spam,spam
Midnight at the earliest,ham,ham
The evo. I just had to download flash. Jealous?,ham,ham
"I���ll leave around four, ok?",ham,ham
From someone not to smoke when every time I've smoked in the last two weeks is because of you calling or texting me that you wanted to smoke,ham,ham
Sweet heart how are you?,ham,ham
I send the print  outs da.,ham,ham
V nice! Off 2 sheffield tom 2 air my opinions on categories 2 b used 2 measure ethnicity in next census. Busy transcribing. :-),ham,ham
"Goodmorning, Today i am late for  &lt;#&gt; min.",ham,ham
3. You have received your mobile content. Enjoy,spam,spam
Remember to ask alex about his pizza,ham,ham
You call him and tell now infront of them. Call him now.,ham,ham
Ok no prob... I'll come after lunch then...,ham,ham
"Do 1 thing! Change that sentence into: \Because i want 2 concentrate in my educational career im leaving here..\""""",ham,ham
Crucify is c not s. You should have told me earlier.,ham,ham
Dude while were makin those weirdy brownies my sister made awesome cookies. I took pics.,ham,ham
Sad story of a Man - Last week was my b'day. My Wife did'nt wish me. My Parents forgot n so did my Kids . I went to work. Even my Colleagues did not wish.,ham,ham
"A swt thought: \Nver get tired of doing little things 4 lovable persons..\"" Coz..somtimes those little things occupy d biggest part in their Hearts.. Gud ni8""",ham,ham
Then. You are eldest know.,ham,ham
Just re read it and I have no shame but tell me how he takes it and if he runs I will blame u 4 ever!! Not really 4 ever just a long time,ham,ham
Ok lor wat time �_ finish?,ham,ham
Horrible gal. Me in sch doing some stuff. How come u got mc?,ham,ham
Spoons it is then okay?,ham,ham
Hi:)cts employee how are you?,ham,ham
I enjoy watching and playing football and basketball. Anything outdoors. And you?,ham,ham
"Just wondering, the others just took off",ham,ham
I like to talk pa but am not able to. I dont know y.,ham,ham
"Almost there, see u in a sec",ham,ham
Near kalainar tv office.thenampet,ham,ham
Yup. Wun believe wat? U really neva c e msg i sent shuhui?,ham,ham
Hai ana tomarrow am coming on morning.  &lt;DECIMAL&gt;  ill be there in sathy then we ll go to RTO office. Reply me after came to home.,ham,ham
"Miss ya, need ya, want ya, love ya.",ham,ham
Huh? 6 also cannot? Then only how many mistakes?,ham,ham
U�۪ve Bin Awarded �50 to Play 4 Instant Cash. Call 08715203028 To Claim. EVERY 9th Player Wins Min �50-�500. OptOut 08718727870,spam,spam
No shoot me. I'm in the docs waiting room. :/,ham,ham
Unless it's a situation where YOU GO GURL would be more appropriate,ham,ham
Where wuld I be without my baby? The thought alone mite break me and I don��t wanna go crazy but everyboy needs his lady xxxxxxxx,ham,ham
Hi juan. Im coming home on fri hey. Of course i expect a welcome party and lots of presents. Ill phone u when i get back. Loads of love nicky x x x x x x x x x,ham,ham
Just wait till end of march when el nino gets himself. Oh.,ham,ham
Imagine Life WITHOUT ME... see.. How fast u are searching me?Don't worry.. l'm always there To disturb U.. Goodnoon..:),ham,ham
K.k.this month kotees birthday know?,ham,ham
"Lol you forgot it eh ? Yes, I'll bring it in babe",ham,ham
Pls send me your address sir.,ham,ham
Will you be here for food,ham,ham
K..give back my thanks.,ham,ham
Yunny i'm walking in citylink now �_ faster come down... Me very hungry...,ham,ham
Hmm...my uncle just informed me that he's paying the school directly. So pls buy food.,ham,ham
Nope. Meanwhile she talk say make i greet you.,ham,ham
"HEY THERE BABE, HOW U DOIN? WOT U UP 2 2NITE LOVE ANNIE X.",ham,ham
When did dad get back.,ham,ham
"Good afternoon sexy buns! How goes the job search ? I wake and you are my first thought as always, my love. I wish your fine and happy and know I adore you!",ham,ham
December only! Had your mobile 11mths+? You are entitled to update to the latest colour camera mobile for Free! Call The Mobile Update Co FREE on 08002986906,spam,spam
"Pete,is this your phone still? Its Jenny from college and Leanne.what are you up to now?:)",ham,ham
I not free today i haf 2 pick my parents up tonite...,ham,ham
R �_ comin back for dinner?,ham,ham
I place all ur points on e cultures module already.,ham,ham
"Haha awesome, I might need to take you up on that, what you doin tonight?",ham,ham
"Twinks, bears, scallies, skins and jocks are calling now. Don't miss the weekend's fun. Call 08712466669 at 10p/min. 2 stop texts call 08712460324(nat rate)",spam,spam
"I'm in solihull, | do you want anything?",ham,ham
Congratulations ur awarded either a yrs supply of CDs from Virgin Records or a Mystery Gift GUARANTEED Call 09061104283 Ts&Cs www.smsco.net �1.50pm approx 3mins,spam,spam
I came hostel. I m going to sleep. Plz call me up before class. Hrishi.,ham,ham
Tell me they're female :V how're you throwing in? We're deciding what all to get now,ham,ham
Pls help me tell sura that i'm expecting a battery from hont. And that if should pls send me a message about how to download movies. Thanks,ham,ham
thesmszone.com lets you send free anonymous and masked messages..im sending this message from there..do you see the potential for abuse???,spam,ham
Urgent! Please call 09061743810 from landline. Your ABTA complimentary 4* Tenerife Holiday or #5000 cash await collection SAE T&Cs Box 326 CW25WX 150 ppm,spam,spam
You getting back any time soon?,ham,ham
Roger that. We���re probably going to rem in about 20,ham,ham
Once free call me sir. I am waiting for you.,ham,ham
What's a feathery bowa? Is that something guys have that I don't know about?,ham,ham
Miles and smiles r made frm same letters but do u know d difference..? smile on ur face keeps me happy even though I am miles away from u.. :-)keep smiling.. Good nyt,ham,ham
"Hey elaine, is today's meeting still on?",ham,ham
Let's pool our money together and buy a bunch of lotto tickets. If we win I get &lt;#&gt; % u get &lt;#&gt; %. Deal?,ham,ham
Dude we should go sup again,ham,ham
"sorry, no, have got few things to do. may be in pub later.",ham,ham
As usual u can call me ard 10 smth.,ham,ham
You in your room? I need a few,ham,ham
Dear U've been invited to XCHAT. This is our final attempt to contact u! Txt CHAT to 86688 150p/MsgrcvdHG/Suite342/2Lands/Row/W1J6HL LDN 18 yrs,spam,spam
She went to attend another two rounds today..but still did't reach home..,ham,ham
R u saying i should re order the slippers cos i had to pay for returning it.,ham,ham
No she didnt. I will search online and let you know.,ham,ham
U having lunch alone? I now so bored...,ham,ham
Just got to  &lt;#&gt;,ham,ham
Are you available for soiree on June 3rd?,ham,ham
K..k:)how much does it cost?,ham,ham
Hi! You just spoke to MANEESHA V. We'd like to know if you were satisfied with the experience. Reply Toll Free with Yes or No.,ham,ham
Have you started in skye,ham,ham
Yeah right! I'll bring my tape measure fri!,ham,ham
Aiyah e rain like quite big leh. If drizzling i can at least run home.,ham,ham
U coming back 4 dinner rite? Dad ask me so i re confirm wif u...,ham,ham
But you dint in touch with me.,ham,ham
Nothing just getting msgs by dis name wit different no's..,ham,ham
Well obviously not because all the people in my cool college life went home ;_;,ham,ham
Take something for pain. If it moves however to any side in the next 6hrs see a doctor.,ham,ham
My superior telling that friday is leave for all other department except ours:)so it will be leave for you:)any way call waheed fathima hr and conform it:),ham,ham
What makes you most happy?,ham,ham
"Good afternoon, my love! How goes that day ? I hope maybe you got some leads on a job. I think of you, boytoy and send you a passionate kiss from across the sea",ham,ham
Actually getting ready to leave the house.,ham,ham
Want the latest Video handset? 750 anytime any network mins? Half price line rental? Reply or call 08000930705 for delivery tomorrow,spam,spam
"Why is that, princess? I bet the brothas are all chasing you!",ham,ham
"Each Moment in a day,has its own value-Morning brings hope,afternoon brings faith,Evening brings luv,Night brings rest,Wish u find them all today.Good Morning",ham,ham
I wnt to buy a BMW car urgently..its vry urgent.but hv a shortage of  &lt;#&gt; Lacs.there is no source to arng dis amt. &lt;#&gt; lacs..thats my prob,ham,ham
Bull. Your plan was to go floating off to IKEA with me without a care in the world. So i have to live with your mess another day.,ham,ham
"Call me. I m unable to cal. Lets meet bhaskar, and deep",ham,ham
For taking part in our mobile survey yesterday! You can now have 500 texts 2 use however you wish. 2 get txts just send TXT to 80160 T&C www.txt43.com 1.50p,spam,spam
"Yup, leaving right now, be back soon",ham,ham
Those cocksuckers. If it makes you feel better ipads are worthless garbage novelty items and you should feel bad for even wanting one,ham,ham
"idc get over here, you are not weaseling your way out of this shit twice in a row",ham,ham
K.then any other special?,ham,ham
Oh. U must have taken your REAL Valentine out shopping first.,ham,ham
We are both fine. Thanks,ham,ham
Have a safe trip to Nigeria. Wish you happiness and very soon company to share moments with,ham,ham
How come i din c �_... Yup i cut my hair...,ham,ham
"I met you as a stranger and choose you as my friend. As long as the world stands, our friendship never ends. Lets be Friends forever!!! Gud nitz...",ham,ham
I can do that! I want to please you both inside and outside the bedroom...,ham,ham
No 1 POLYPHONIC tone 4 ur mob every week! Just txt PT2 to 87575. 1st Tone FREE ! so get txtin now and tell ur friends. 150p/tone. 16 reply HL 4info,spam,spam
Will do. Was exhausted on train this morning. Too much wine and pie. You sleep well too,ham,ham
Hi. I'm always online on yahoo and would like to chat with you someday,ham,ham
Oh k...i'm watching here:),ham,ham
Ok lor... Sony ericsson salesman... I ask shuhui then she say quite gd 2 use so i considering...,ham,ham
Do you want 750 anytime any network mins 150 text and a NEW VIDEO phone for only five pounds per week call 08002888812 or reply for delivery tomorrow,spam,spam
Sitting ard nothing to do lor. U leh busy w work?,ham,ham
\Wen u miss someone,ham,ham
No dear i was sleeping :-P,ham,ham
UR GOING 2 BAHAMAS! CallFREEFONE 08081560665 and speak to a live operator to claim either Bahamas cruise of�2000 CASH 18+only. To opt out txt X to 07786200117,spam,spam
U have a secret admirer who is looking 2 make contact with U-find out who they R*reveal who thinks UR so special-call on 09058094599,spam,spam
Am only searching for good dual sim mobile pa.,ham,ham
"\Hi darlin did youPhone me? Im atHome if youwanna chat.\""""",ham,ham
"Ya ok, vikky vl c witin  &lt;#&gt; mins and il reply u..",ham,ham
"Yeah that's what I thought, lemme know if anything's goin on later",ham,ham
Nobody names their penis a girls name this story doesn't add up at all,ham,ham
IM GONNA MISS U SO MUCH,ham,ham
How are you holding up?,ham,ham
Shant disturb u anymore... Jia you...,ham,ham
Have you heard from this week?,ham,ham
Becoz its  &lt;#&gt;  jan whn al the post ofice is in holiday so she cn go fr the post ofice...got it duffer,ham,ham
Lmao!nice 1,ham,ham
"Finally it has happened..! Aftr decades..! BEER is now cheaper than PETROL! The goverment expects us to \DRINK\"". . . But don't \""DRIVE \""""",ham,ham
Armand says get your ass over to epsilon,ham,ham
I don wake since. I checked that stuff and saw that its true no available spaces. Pls call the embassy or send a mail to them.,ham,ham
"FRAN I DECIDED 2 GO N E WAY IM COMPLETELY BROKE AN KNACKERED I GOT UP BOUT 3 C U 2MRW LOVE JANX P.S THIS IS MY DADS FONE, -NO CREDIT",ham,ham
"Same here, but I consider walls and bunkers and shit important just because I never play on peaceful but I guess your place is high enough that it don't matter",ham,ham
"Can meh? Thgt some will clash... Really ah, i dun mind... I dun seen to have lost any weight... Gee...",ham,ham
Hey morning what you come to ask:-) pa...,ham,ham
Lol its ok I didn't remember til last nite,ham,ham
"Sez, hows u & de arab boy? Hope u r all good give my love 2 evry1 love ya eshxxxxxxxxxxx",ham,ham
I can't make it tonight,ham,ham
WOW! The Boys R Back. TAKE THAT 2007 UK Tour. Win VIP Tickets & pre-book with VIP Club. Txt CLUB to 81303. Trackmarque Ltd info@vipclub4u.,spam,spam
Just got up. have to be out of the room very soon. ��_. i hadn't put the clocks back til at 8 i shouted at everyone to get up and then realised it was 7. wahay. another hour in bed.,ham,ham
"Evening * v good if somewhat event laden. Will fill you in, don't you worry ��_ Head * ok but throat * wrecked. See you at six then!",ham,ham
O ic lol. Should play 9 doors sometime yo,ham,ham
+123 Congratulations - in this week's competition draw u have won the �1450 prize to claim just call 09050002311 b4280703. T&Cs/stop SMS 08718727868. Over 18 only 150ppm,spam,spam
I'm in office now . I will call you  &lt;#&gt;  min:),ham,ham
"URGENT! Your Mobile No was awarded a �2,000 Bonus Caller Prize on 1/08/03! This is our 2nd attempt to contact YOU! Call 0871-4719-523 BOX95QU BT National Rate",spam,spam
"Night night, see you tomorrow",ham,ham
"MOON has come to color your dreams, STARS to make them musical and my SMS to give you warm and Peaceful Sleep. Good Night",ham,ham
Lol ok ill try to send. Be warned Sprint is dead slow. You'll prolly get it tomorrow,ham,ham
Er yep sure. Props?,ham,ham
Fwiw the reason I'm only around when it's time to smoke is that because of gas I can only afford to be around when someone tells me to be and that apparently only happens when somebody wants to light up,ham,ham
"If we hit it off, you can move in with me :)",ham,ham
If you hear a loud scream in about &lt;#&gt; minutes its cause my Gyno will be shoving things up me that don't belong :/,ham,ham
Are you willing to go for apps class.,ham,ham
at bruce b downs &amp; fletcher now,ham,ham
Its  &lt;#&gt; k here oh. Should i send home for sale.,ham,ham
U should make a fb list,ham,ham
have you ever had one foot before?,ham,ham
"URGENT! Your mobile number *************** WON a �2000 Bonus Caller prize on 10/06/03! This is the 2nd attempt to reach you! Call 09066368753 ASAP! Box 97N7QP, 150ppm",spam,spam
I AM AT THE GAS STATION. GO THERE.,ham,ham
Go chase after her and run her over while she's crossing the street,ham,ham
What is the plural of the noun research?,ham,ham
Thanx 4 e brownie it's v nice...,ham,ham
Sen told that he is going to join his uncle finance in cbe,ham,ham
You do what all you like,ham,ham
I���m parked next to a MINI!!!! When are you coming in today do you think?,ham,ham
U still going to the mall?,ham,ham
Rightio. 11.48 it is then. Well arent we all up bright and early this morning.,ham,ham
I think just yourself ��_Thanks and see you tomo,ham,ham
"Sorry, my battery died, I can come by but I'm only getting a gram for now, where's your place?",ham,ham
"I'll see if I can swing by in a bit, got some things to take care of here firsg",ham,ham
Watching telugu movie..wat abt u?,ham,ham
"Had your mobile 10 mths? Update to the latest Camera/Video phones for FREE. KEEP UR SAME NUMBER, Get extra free mins/texts. Text YES for a call",spam,spam
Yup �_ not comin :-(,ham,ham
"Frnd s not juz a word.....not merely a relationship.....its a silent promise which says ... \ I will be with YOU \"" Wherevr.. Whenevr.. Forevr... Gudnyt dear..""",ham,ham
Appt is at &lt;TIME&gt; am. Not my fault u don't listen. I told u twice,ham,ham
Thanks for being there for me just to talk to on saturday. You are very dear to me. I cherish having you as a brother and role model.,ham,ham
Ya that one is slow as poo,ham,ham
Cos i was out shopping wif darren jus now n i called him 2 ask wat present he wan lor. Then he started guessing who i was wif n he finally guessed darren lor.,ham,ham
:-) yeah! Lol. Luckily i didn't have a starring role like you!,ham,ham
U have a secret admirer. REVEAL who thinks U R So special. Call 09065174042. To opt out Reply REVEAL STOP. 1.50 per msg recd. Cust care 07821230901,spam,spam
"Night has ended for another day, morning has come in a special way. May you smile like the sunny rays and leaves your worries at the blue blue bay.",ham,ham
I'm job profile seems like bpo..,ham,ham
PRIVATE! Your 2003 Account Statement for 07815296484 shows 800 un-redeemed S.I.M. points. Call 08718738001 Identifier Code 41782 Expires 18/11/04,spam,spam
"Sorry,  in meeting I'll call you later",ham,ham
K k :-):-) then watch some films.,ham,ham
Ok pa. Nothing problem:-),ham,ham
I'm in a movie. Call me 4 wat?,ham,ham
Want explicit SEX in 30 secs? Ring 02073162414 now! Costs 20p/min Gsex POBOX 2667 WC1N 3XX,spam,spam
"Awesome, lemme know whenever you're around",ham,ham
Tell your friends what you plan to do on Valentines day @ &lt;URL&gt;,ham,ham
Kindly send some one to our flat before  &lt;DECIMAL&gt;  today.,ham,ham
"That's what I love to hear :V see you sundayish, then",ham,ham
"\HELLO U.CALL WEN U FINISH WRK.I FANCY MEETIN UP WIV U ALL TONITE AS I NEED A BREAK FROM DABOOKS. DID 4 HRS LAST NITE+2 TODAY OF WRK!\""""",ham,ham
Hmmm.still we dont have opener?,ham,ham
\HEY HEY WERETHE MONKEESPEOPLE SAY WE MONKEYAROUND! HOWDY GORGEOUS,ham,ham
Enjoy ur life. . Good night,ham,ham
�� dun need to pick ur gf?,ham,ham
Eh u send wrongly lar...,ham,ham
"Sorry, I'll call you  later. I am in meeting sir.",ham,ham
Have you emigrated or something? Ok maybe 5.30 was a bit hopeful...,ham,ham
Babe ? I lost you ... Will you try rebooting ?,ham,ham
Want to send me a virtual hug?... I need one,ham,ham
What happen to her tell the truth,ham,ham
I jokin oni lar.. �� busy then i wun disturb �_.,ham,ham
"I'm not smoking while people use \wylie smokes too much\"" to justify ruining my shit""",ham,ham
Do you want a new video handset? 750 anytime any network mins? Half Price Line Rental? Camcorder? Reply or call 08000930705 for delivery tomorrow,spam,spam
They will pick up and drop in car.so no problem..,ham,ham
You tell what happen dont behave like this to me. Ok no need to say,ham,ham
"Double mins and txts 4 6months FREE Bluetooth on Orange. Available on Sony, Nokia Motorola phones. Call MobileUpd8 on 08000839402 or call2optout/N9DX",spam,spam
Today my system sh get ready.all is well and i am also in the deep well,ham,ham
"Hi , where are you? We're at  and they're not keen to go out i kind of am but feel i shouldn't so can we go out tomo, don't mind do you?",ham,ham
Tomorrow i am not going to theatre. . . So i can come wherever u call me. . . Tell me where and when to come tomorrow,ham,ham
No problem. We will be spending a lot of quality time together...,ham,ham
No need lar. Jus testing e phone card. Dunno network not gd i thk. Me waiting 4 my sis 2 finish bathing so i can bathe. Dun disturb u liao u cleaning ur room.,ham,ham
"Just got some gas money, any chance you and the gang want to go on a grand nature adventure?",ham,ham
"\ME 2 BABE I FEEL THE SAME LETS JUST 4GET ABOUT IT+BOTH TRY +CHEER UP+NOT FIT SOO MUCHXXLOVE U LOCAXX\""""",ham,ham
Happy new year to u too!,ham,ham
URGENT! Your Mobile number has been awarded a <UKP>2000 prize GUARANTEED. Call 09061790125 from landline. Claim 3030. Valid 12hrs only 150ppm,spam,spam
I'm always on yahoo messenger now. Just send the message to me and i.ll get it you may have to send it in the mobile mode sha but i.ll get it. And will reply.,ham,ham
100 dating service cal;l 09064012103 box334sk38ch,spam,spam
"No worries, hope photo shoot went well. have a spiffing fun at workage.",ham,ham
I think if he rule tamilnadu..then its very tough for our people.,ham,ham
URGENT! We are trying to contact U. Todays draw shows that you have won a �2000 prize GUARANTEED. Call 09058094507 from land line. Claim 3030. Valid 12hrs only,spam,spam
Ok lor. Anyway i thk we cant get tickets now cos like quite late already. U wan 2 go look 4 ur frens a not? Darren is wif them now...,ham,ham
"Sorry, I'll call later ok bye",ham,ham
Want a new Video Phone? 750 anytime any network mins? Half price line rental free text for 3 months? Reply or call 08000930705 for free delivery,spam,spam
And popping &lt;#&gt; ibuprofens was no help.,ham,ham
"Haha, that was the first person I was gonna ask",ham,ham
"Only just got this message, not ignoring you. Yes, i was. Shopping that is",ham,ham
Are you not around or just still asleep? :V,ham,ham
Mm have some kanji dont eat anything heavy ok,ham,ham
"Alright we're hooked up, where you guys at",ham,ham
"Well imma definitely need to restock before thanksgiving, I'll let you know when I'm out",ham,ham
Do well :)all will for little time. Thing of good times ahead:,ham,ham
Eat at old airport road... But now 630 oredi... Got a lot of pple...,ham,ham
"My life Means a lot to me, Not because I love my life, But because I love the people in my life, The world calls them friends, I call them my World:-).. Ge:-)..",ham,ham
Sary just need Tim in the bollox &it hurt him a lot so he tol me!,ham,ham
"U need my presnts always bcz U cant mis love. \jeevithathile irulinae neekunna prakasamanu sneham\"" prakasam ennal prabha 'That mns prabha is'LOVE' Got it. Dont mis me....""",ham,ham
"Gal n boy walking in d park. gal-can i hold ur hand? boy-y? do u think i would run away? gal-no, jst wana c how it feels walking in heaven with an prince..GN:-)",ham,ham
Where is that one day training:-),ham,ham
Dear 0776xxxxxxx U've been invited to XCHAT. This is our final attempt to contact u! Txt CHAT to 86688 150p/MsgrcvdHG/Suite342/2Lands/Row/W1J6HL LDN 18yrs,spam,spam
"Aight, can you text me the address?",ham,ham
Do have a nice day today. I love you so dearly.,ham,ham
i dnt wnt to tlk wid u,ham,ham
Hello which the site to download songs its urgent pls,ham,ham
I was slept that time.you there?,ham,ham
Dear good morning now only i am up,ham,ham
"1) Go to write msg 2) Put on Dictionary mode 3)Cover the screen with hand, 4)Press  &lt;#&gt; . 5)Gently remove Ur hand.. Its interesting..:)",ham,ham
&lt;#&gt;  w jetton ave if you forgot,ham,ham
Printer is cool. I mean groovy. Wine is groovying,ham,ham
Aiya we discuss later lar... Pick �_ up at 4 is it?,ham,ham
Anything lor if they all go then i go lor...,ham,ham
what number do u live at? Is it 11?,ham,ham
All e best 4 ur driving tmr :-),ham,ham
Monthly password for wap. mobsi.com is 391784. Use your wap phone not PC.,spam,ham
"No i'm not. I can't give you everything you want and need. You actually could do better for yourself on yor own--you've got more money than i do. I can't get work, i can't get a man, i can't pay the rent, i can't even fill my fucking gas tank. yes, i'm stressed and depressed. I didn't even call home for thanksgiving cuz i'll have to tell them i,m up to nothing.",ham,ham
Better. Made up for Friday and stuffed myself like a pig yesterday. Now I feel bleh. But at least its not writhing pain kind of bleh.,ham,ham
Whats the staff name who is taking class for us?,ham,ham
"Ta-Daaaaa! I am home babe, are you still up ?",ham,ham
Same as u... Dun wan... Y u dun like me already ah... Wat u doing now? Still eating?,ham,ham
Yes princess! I want to make you happy...,ham,ham
Or remind me in a few hrs.,ham,ham
Feel like trying kadeem again? :V,ham,ham
I like you peoples very much:) but am very shy pa.,ham,ham
As a Registered Subscriber yr draw 4 a �100 gift voucher will b entered on receipt of a correct ans. When are the next olympics. Txt ans to 80062,spam,spam
CLAIRE here am havin borin time & am now alone U wanna cum over 2nite? Chat now 09099725823 hope 2 C U Luv CLAIRE xx Calls�1/minmoremobsEMSPOBox45PO139WA,spam,ham
"Hey sweet, I was wondering when you had a moment if you might come to me ? I want to send a file to someone but it won't go over yahoo for them because their connection sucks, remember when you set up that page for me to go to and download the format disc ? Could you tell me how to do that ? Or do you know some other way to download big files ? Because they can download stuff directly from the internet. Any help would be great, my prey ... *teasing kiss*",ham,ham
dating:i have had two of these. Only started after i sent a text to talk sport radio last week. Any connection do you think or coincidence?,spam,ham
"SPJanuary Male Sale! Hot Gay chat now cheaper, call 08709222922. National rate from 1.5p/min cheap to 7.8p/min peak! To stop texts call 08712460324 (10p/min)",spam,spam
O was not into fps then.,ham,ham
Ok. I.ll do you right later.,ham,ham
Camera - You are awarded a SiPix Digital Camera! call 09061221066 fromm landline. Delivery within 28 days,spam,spam
Hi.what you think about match?,ham,ham
Ya but it cant display internal subs so i gotta extract them,ham,ham
I only work from mon to thurs but Sat i cant leh... Booked liao... Which other day u free?,ham,ham
Dear umma she called me now :-),ham,ham
"YOU 07801543489 are guaranteed the latests Nokia Phone, a 40GB iPod MP3 player or a �500 prize! Txt word:COLLECT to No:83355! TC-LLC NY-USA 150p/Mt msgrcvd18+",spam,spam
"That's fine, I'll bitch at you about it later then",ham,ham
"\NOT ENUFCREDEIT TOCALL.SHALL ILEAVE UNI AT 6 +GET A BUS TO YOR HOUSE?\""""",ham,ham
Kallis wont bat in 2nd innings.,ham,ham
THIS IS A LONG FUCKIN SHOWR,ham,ham
He's an adult and would learn from the experience. There's no real danger. I just dont like peeps using drugs they dont need. But no comment,ham,ham
Guess who am I?This is the first time I created a web page WWW.ASJESUS.COM read all I wrote. I'm waiting for your opinions. I want to be your friend 1/1,spam,ham
Oh... Okie lor...We go on sat...,ham,ham
"Dear relieved of westonzoyland, all going to plan this end too!",ham,ham
Yo im right by yo work,ham,ham
Simply sitting and watching match in office..,ham,ham
Well at this right I'm gonna have to get up and check today's steam sales/pee so text me when you want me to come get you,ham,ham
Welcome! Please reply with your AGE and GENDER to begin. e.g 24M,spam,spam
"The world is running and i am still.maybe all are feeling the same,so be it.or i have to admit,i am mad.then where is the correction?or let me call this is life.and keep running with the world,may be u r also running.lets run.",ham,ham
"This is one of the days you have a billion classes, right?",ham,ham
"not that I know of, most people up here are still out of town",ham,ham
ree entry in 2 a weekly comp for a chance to win an ipod. Txt POD to 80182 to get entry (std txt rate) T&C's apply 08452810073 for details 18+,spam,spam
"Have a lovely night and when you wake up to see this message, i hope you smile knowing all is as should be. Have a great morning",ham,ham
Great. Never been better. Each day gives even more reasons to thank God,ham,ham
She's good. How are you. Where r u working now,ham,ham
"Ugh y can't u just apologize, admit u were wrong and ask me to take u back?",ham,ham
Oh k. . I will come tomorrow,ham,ham
85233 FREE>Ringtone!Reply REAL,spam,spam
"Tick, tick, tick ... Babe",ham,ham
"Fuck babe, I miss you sooooo much !! I wish you were here to sleep with me ... My bed is so lonely ... I go now, to sleep ... To dream of you, my love ...",ham,ham
Ffffffffff. Alright no way I can meet up with you sooner?,ham,ham
Did you stitch his trouser,ham,ham
Forgot to tell �_ smth.. Can �_ like number the sections so that it's clearer..,ham,ham
Can not use foreign stamps in this country. Good lecture .,ham,ham
Pls tell nelson that the bb's are no longer comin. The money i was expecting aint coming,ham,ham
I anything lor...,ham,ham
They did't play one day last year know even though they have very good team.. Like india.,ham,ham
In da car park,ham,ham
Is ur changes 2 da report big? Cos i've already made changes 2 da previous report.,ham,ham
The basket's gettin full so I might be by tonight,ham,ham
No. Did you multimedia message them or e-mail?,ham,ham
Yar else i'll thk of all sorts of funny things.,ham,ham
They just talking thats it de. They wont any other.,ham,ham
Dunno lei... I thk mum lazy to go out... I neva ask her yet...,ham,ham
PRIVATE! Your 2003 Account Statement for shows 800 un-redeemed S. I. M. points. Call 08715203694 Identifier Code: 40533 Expires 31/10/04,spam,spam
WHORE YOU ARE UNBELIEVABLE.,ham,ham
Bring it if you got it,ham,ham
I'll pick you up at about 5.15pm to go to taunton if you still want to come.,ham,ham
ALRITE,ham,ham
Heehee that was so funny tho,ham,ham
"I can't speak, bcaz mobile have problem. I can listen you but you cann't listen my voice. So i calls you later.",ham,ham
Hey mr whats the name of that bill brison book the one about language and words,ham,ham
Oh baby of the house. How come you dont have any new pictures on facebook,ham,ham
Geeeee ... I love you so much I can barely stand it,ham,ham
"Hi, wlcome back, did wonder if you got eaten by a lion or something, nothing much",ham,ham
Married local women looking for discreet action now! 5 real matches instantly to your phone. Text MATCH to 69969 Msg cost 150p 2 stop txt stop BCMSFWC1N3XX,spam,spam
How are you. Its been ages. How's abj,ham,ham
Howz pain.it will come down today.do as i said ystrday.ice and medicine.,ham,ham
"That's fine, have him give me a call if he knows what he wants or has any questions",ham,ham
That's necessarily respectful,ham,ham
"Sir, hope your day is going smoothly. i really hoped i wont have to bother you about this. I have some bills that i can't settle this month. I am out of all extra cash. I know this is a challenging time for you also but i have to let you know.",ham,ham
Hi ....My engagement has been fixd on  &lt;#&gt; th of next month. I know its really shocking bt....hmm njan vilikkam....t ws al of a sudn;-(.,ham,ham
How would my ip address test that considering my computer isn't a minecraft server,ham,ham
Juz now havent woke up so a bit blur blur... Can? Dad went out liao... I cant cum now oso...,ham,ham
I tot it's my group mate... Lucky i havent reply... Wat time do �_ need to leave...,ham,ham
The hair cream has not been shipped.,ham,ham
Pls come quick cant bare this.,ham,ham
Dont flatter yourself... Tell that man of mine two pints of carlin in ten minutes please....,ham,ham
MAKE SURE ALEX KNOWS HIS BIRTHDAY IS OVER IN FIFTEEN MINUTES AS FAR AS YOU'RE CONCERNED,ham,ham
"Hi this is Amy, we will be sending you a free phone number in a couple of days, which will give you an access to all the adult parties...",spam,ham
"Rock yr chik. Get 100's of filthy films &XXX pics on yr phone now. rply FILTH to 69669. Saristar Ltd, E14 9YT 08701752560. 450p per 5 days. Stop2 cancel",spam,spam
Otherwise had part time job na-tuition..,ham,ham
"Your account has been credited with 500 FREE Text Messages. To activate, just txt the word: CREDIT to No: 80488 T&Cs www.80488.biz",spam,spam
Thanks for this hope you had a good day today,ham,ham
That means get the door,ham,ham
Yes. Please leave at  &lt;#&gt; . So that at  &lt;#&gt;  we can leave,ham,ham
Would me smoking you out help us work through this difficult time,ham,ham
Lol no. I just need to cash in my nitros. Hurry come on before I crash out!,ham,ham
Sure but since my parents will be working on Tuesday I don't really need a cover story,ham,ham
He said i look pretty wif long hair wat. But i thk he's cutting quite short 4 me leh.,ham,ham
No got new job at bar in airport on satsgettin 4.47per hour but means no lie in! keep in touch,ham,ham
Hmmm...k...but i want to change the field quickly da:-)i wanna get system administrator or network administrator..,ham,ham
I sent you  &lt;#&gt;  bucks,ham,ham
"I wonder how you got online, my love ? Had you gone to the net cafe ? Did you get your phone recharged ? Were you on a friends net ? I think of you, boytoy",ham,ham
Great! I hope you like your man well endowed. I am  &lt;#&gt;  inches...,ham,ham
Detroit. The home of snow. Enjoy it.,ham,ham
I know! Grumpy old people. My mom was like you better not be lying. Then again I am always the one to play jokes...,ham,ham
Yep then is fine 7.30 or 8.30 for ice age.,ham,ham
Good morning princess! Have a great day!,ham,ham
"I want some cock! My hubby's away, I need a real man 2 satisfy me. Txt WIFE to 89938 for no strings action. (Txt STOP 2 end, txt rec �1.50ea. OTBox 731 LA1 7WS. )",spam,spam
When �_ login dat time... Dad fetching �_ home now?,ham,ham
Aaooooright are you at work?,ham,ham
"Can you please ask macho what his price range is, does he want something new or used plus it he only interfued in the blackberry bold  &lt;#&gt;  or any bb",ham,ham
74355 XMAS iscoming & ur awarded either �500 CD gift vouchers & free entry 2 r �100 weekly draw txt MUSIC to 87066 TnC,spam,spam
"Garbage bags, eggs, jam, bread, hannaford wheat chex",ham,ham
"Hello, yeah i've just got out of the bath and need to do my hair so i'll come up when i'm done, yeah?",ham,ham
I'm okay. Chasing the dream. What's good. What are you doing next.,ham,ham
Oh oh... Den muz change plan liao... Go back have to yan jiu again...,ham,ham
Y she dun believe leh? I tot i told her it's true already. I thk she muz c us tog then she believe.,ham,ham
"Hey...Great deal...Farm tour 9am to 5pm $95/pax, $50 deposit by 16 May",ham,ham
ASKED 3MOBILE IF 0870 CHATLINES INCLU IN FREE MINS. INDIA CUST SERVs SED YES. L8ER GOT MEGA BILL. 3 DONT GIV A SHIT. BAILIFF DUE IN DAYS. I O �250 3 WANT �800,spam,ham
"Ever green quote ever told by Jerry in cartoon \A Person Who Irritates u Always Is the one Who Loves u Vry Much But Fails to Express It...!..!! :-) :-) gud nyt""",ham,ham
En chikku nange bakra msg kalstiya..then had tea/coffee?,ham,ham
I love ya too but try and budget your money better babe. Gary would freak on me if he knew,ham,ham
I would but I'm still cozy. And exhausted from last night.nobody went to school or work. Everything is closed.,ham,ham
"You have been selected to stay in 1 of 250 top British hotels - FOR NOTHING! Holiday Worth �350! To Claim, Call London 02072069400. Bx 526, SW73SS",spam,spam
LOL what happens in Vegas stays in vegas,ham,ham
Ha... Both of us doing e same thing. But i got tv 2 watch. U can thk of where 2 go tonight or u already haf smth in mind...,ham,ham
So do you have samus shoulders yet,ham,ham
Nooooooo I'm gonna be bored to death all day. Cable and internet outage.,ham,ham
"Got fujitsu, ibm, hp, toshiba... Got a lot of model how to say...",ham,ham
Hey tmr maybe can meet you at yck,ham,ham
I am waiting machan. Call me once you free.,ham,ham
I am not sure about night menu. . . I know only about noon menu,ham,ham
Hi! This is Roger from CL. How are you?,ham,ham
There are many company. Tell me the language.,ham,ham
have got * few things to do. may be in * pub later.,ham,ham
"FreeMsg Hey U, i just got 1 of these video/pic fones, reply WILD to this txt & ill send U my pics, hurry up Im so bored at work xxx (18 150p/rcvd STOP2stop)",spam,spam
am up to my eyes in philosophy,ham,ham
Anything lar...,ham,ham
"\Hi missed your Call and my mumHas beendropping red wine all over theplace! what is your adress?\""""",ham,ham
"So many people seems to be special at first sight, But only very few will remain special to you till your last sight.. Maintain them till life ends.. take cr da",ham,ham
I dont understand your message.,ham,ham
Please don't text me anymore. I have nothing else to say.,ham,ham
Orh i tot u say she now still dun believe.,ham,ham
Waiting for your call.,ham,ham
Come aftr  &lt;DECIMAL&gt; ..now i m cleaning the house,ham,ham
Ok i wont call or disturb any one. I know all are avoiding me. I am a burden for all,ham,ham
hiya hows it going in sunny africa? hope u r avin a good time. give that big old silver back a big kiss from me.,ham,ham
Ultimately tor motive tui achieve korli.,ham,ham
"Yeah we wouldn't leave for an hour at least, how's 4 sound?",ham,ham
She.s good. She was wondering if you wont say hi but she.s smiling now. So how are you coping with the long distance,ham,ham
"cmon babe, make me horny, *turn* me on! Txt me your fantasy now babe -) Im hot, sticky and need you now. All replies cost �1.50. 2 cancel send STOP",spam,spam
On ma way to school. Can you pls send me ashley's number,ham,ham
S da..al r above  &lt;#&gt;,ham,ham
Well I wasn't available as I washob nobbing with last night so they had to ask Nickey Platt instead of me!;,ham,ham
"Auction round 4. The highest bid is now �54. Next maximum bid is �71. To bid, send BIDS e. g. 10 (to bid �10) to 83383. Good luck.",spam,ham
It has everything to do with the weather. Keep extra warm. Its a cold but nothing serious. Pls lots of vitamin c,ham,ham
Mode men or have you left.,ham,ham
"Thanks again for your reply today. When is ur visa coming in. And r u still buying the gucci and bags. My sister things are not easy, uncle john also has his own bills so i really need to think about how to make my own money. Later sha.",ham,ham
Yes there were many sweets,ham,ham
Its sunny in california. The weather's just cool,ham,ham
Here is your discount code RP176781. To stop further messages reply stop. www.regalportfolio.co.uk. Customer Services 08717205546,spam,spam
Its too late:)but its k.wish you the same.,ham,ham
Y lei?,ham,ham
All e best 4 ur exam later.,ham,ham
"Piggy, r u awake? I bet u're still sleeping. I'm going 4 lunch now...",ham,ham
I have no idea where you are,ham,ham
How do you guys go to see movies on your side.,ham,ham
K k:) sms chat with me.,ham,spam
You best watch what you say cause I get drunk as a motherfucker,ham,ham
What type of stuff do you sing?,ham,ham
We will meet soon princess! Ttyl!,ham,ham
"Yo, you at jp and hungry like a mofo?",ham,ham
No. 1 Nokia Tone 4 ur mob every week! Just txt NOK to 87021. 1st Tone FREE ! so get txtin now and tell ur friends. 150p/tone. 16 reply HL 4info,spam,spam
Juz go google n search 4 qet...,ham,ham
Wat makes u thk i'll fall down. But actually i thk i'm quite prone 2 falls. Lucky my dad at home i ask him come n fetch me already.,ham,ham
Well. Im computerless. Time to make some oreo truffles,ham,ham
WINNER!! As a valued network customer you have been selected to receivea �900 prize reward! To claim call 09061701461. Claim code KL341. Valid 12 hours only.,spam,spam
Pls give her prometazine syrup. 5mls then  &lt;#&gt; mins later feed.,ham,ham
"Aight no rush, I'll ask jay",ham,ham
"Honey ? Sweetheart ? Darling ? Sexy buns ? Sugar plum ? Loverboy ? I miss you, boytoy ... *smacks your ass* Did you go to the gym too ?",ham,ham
"\Happy valentines day\"" I know its early but i have hundreds of handsomes and beauties to wish. So i thought to finish off aunties and uncles 1st...""",ham,ham
I ain't answerin no phone at what is actually a pretty reasonable hour but I'm sleepy,ham,ham
Me too watching surya movie only. . .after 6 pm vijay movie POKKIRI,ham,ham
I'm going 4 lunch now wif my family then aft dat i go str 2 orchard lor.,ham,ham
hows my favourite person today? r u workin hard? couldn't sleep again last nite nearly rang u at 4.30,ham,ham
"u r subscribed 2 TEXTCOMP 250 wkly comp. 1st wk?s free question follows, subsequent wks charged@150p/msg.2 unsubscribe txt STOP 2 84128,custcare 08712405020",spam,spam
I got to video tape pple type in message lor. U so free wan 2 help me? Hee... Cos i noe u wan 2 watch infernal affairs so ask u along. Asking shuhui oso.,ham,ham
"Nah man, my car is meant to be crammed full of people",ham,ham
what I meant to say is cant wait to see u again getting bored of this bridgwater banter,ham,ham
In meeting da. I will call you,ham,ham
Thanks for your message. I really appreciate your sacrifice. I'm not sure of the process of direct pay but will find out on my way back from the test tomorrow. I'm in class now. Do have a wonderful day.,ham,ham
"K.. I yan jiu liao... Sat we can go 4 bugis vill one frm 10 to 3 den hop to parco 4 nb. Sun can go cine frm 1030 to 2, den hop to orc mrt 4 hip hop at 4...",ham,ham
Oh thanks a lot..i already bought 2 eggs ..,ham,ham
FreeMsg Today's the day if you are ready! I'm horny & live in your town. I love sex fun & games! Netcollex Ltd 08700621170150p per msg reply Stop to end,spam,spam
4 oclock at mine. Just to bash out a flat plan.,ham,ham
"URGENT. Important information for 02 user. Today is your lucky day! 2 find out why , log onto http://www.urawinner.com there is a fantastic surprise awaiting you !",spam,spam
K:)all the best:)congrats...,ham,ham
Loosu go to hospital. De dont let it careless.,ham,ham
